Subreddit,
ACTA,
AntiWar,
Bad_Cop_No_Donut,
BadGovNoFreedom,
BasicIncome,
CISPA,
Democracy,
EndlessWar,
EnoughPaulSpam,
EnoughObamaSpam,
Environment,
FairTax,
FlushTheTPP,
evolutionReddit,
FirstAmendment,
Good_Cop_Free_Donut,
Greed,
Green,
GunPolitics,
GunsAreCool,
HumanRights,
Labor,
Liberty,
NSA,
NSALeaks,
PoliticalActivism,
Privacy,
ProChoice,
ProGun,
RestoreTheFourth,
Rootstrikers,
SaveTheConstitution,
SocialDemocracy,
SOPA,
SupportTheTPP,
Wikileaks,
2012Elections,
2016_elections,
AmericansElect,
Campaigns,
ElectionPolls,
ElectionReform,
Elections,
Forecast2016,
PeoplesParty,
RunForIt,
Voting,
AmericanGovernment,
AmericanPolitics,
AnythingGoesNews,
Ask_Political_Science,
Ask_Politics,
Authoritarian,
Comparative,
Conspiracy,
Conspiratard,
DescentIntoTyranny,
debatefascism,
DoctorsWithoutBorders,
Government,
History,
HumanRights,
IWantOut,
IWW,
Justice,
News,
POLITIC,
PoliticalDiscussion,
PoliticalFactChecking,
PoliticalHumor,
PoliticalModeration,
PoliticalPhilosophy,
PoliticalPics,
PoliticalPredictions,
PoliticalScience,
PoliticalTweets,
PoliticsDebate,
PoliticsInAmerica,
Pragmatism,
RepublicOfPolitics,
RvBdebates,
StateoftheUnion,
TechPolitics,
ThirdPartyRoundTable,
TruePolitics,
USANews,
USPolitics,
WatchingCongress,
Wealth,
WorldUnity,
yro,
