,Subreddit
0,Bad_Cop_No_Donut
1,news
2,BlackLivesMatter
3,The_Donald
4,blackculture
5,blackpower
6,AsABlackMan
7,blackladies
8,Blackfellas
9,Liberal
10,BlackPeopleTwitter
11,hillaryclinton
12,uspolitics
13,politics
14,aww
15,Documentaries
16,funny
17,gifs
18,LateNightTalkShows
19,AnimalsBeingJerks
20,cute
21,puppies
22,PuppySmiles
23,Conservative
24,Congress
25,texas
26,trump16
27,syriancivilwar
28,Republican
29,Funnypolitics
30,worldnews
31,entertainment
32,motorcycles
33,AutoDetailing
34,PoliticalHumor
35,occupywallstreet
36,memes
37,MURICA
38,meme
39,food
40,HealthyFood
41,videos
42,Feminism
43,PoliticalMemes
44,Jokes
45,gentlemanboners
46,Showerthoughts
47,pics
48,DIY
49,InternetIsBeautiful
50,politota
51,ru
52,ukraina
53,guns
54,newyork
55,nyc
56,IAmA
57,business
58,snapleaks
59,dogpictures
60,StartledCats
61,DotA2
62,FIFA
63,dota2reddit
64,husky
65,Boobies
66,Kitten
67,boobs
68,space
69,facebook
70,AccidentalRacism
71,AfricanAmerican
72,celebrities
73,SupportBOBS
74,AdviceAnimals
75,TopMindsOfReddit
76,Health
77,TelegramChannels
78,obama
79,augmentedreality
80,virtualreality
81,BlockChain
82,decentralization
83,Database
84,technology
85,CryptoCurrency
86,Bitcoin
87,litecoin
88,Monero
89,icocrypto
90,ethereum
91,Crypto_Currency_News
92,AmericanPolitics
93,mining
94,BlockChain_info
95,canadaguns
96,Kanye
97,UnexpectedCena
98,hamsters
99,police
100,test
101,LGBTeens
102,lgbt
103,dota2smut
104,elections
105,corgi
106,product_design
107,gadgets
108,racism
109,tech
110,HereComesTheBoom
111,vine
112,forhire
113,gif
114,sweden
115,WWE
116,SandersForPresident
117,gaming
118,StandUpComedy
119,worldpolitics
120,casualiama
121,hardware
122,web_design
123,EARONS
124,usanews
125,antiracism
126,USAporn
127,usa
128,chemicalreactiongifs
129,JFK
130,TheAmericanPresidency
131,HillaryForPrison2016
132,Israel
133,POLITIC
134,policeporn
135,Police_v_Video
136,AmIFreeToGo
137,Blackpeople
138,privacy
139,100BlackMen
140,PINAC
141,blackinamerica
142,women
143,movies
144,DisneyMovies
145,YoungRepublicans
146,EverythingScience
147,blackactivism
148,TalkShowGirls
149,photoshopbattles
150,Good_Cop_Free_Donut
151,Patriots
152,MovieDownloads
153,Pictures
154,TheGameOfThronesGame
155,policebrutality
156,education
157,selfiehunters
158,climatechange
159,racism_immigration
160,transgender
161,ar15
162,FunnyandSad
163,USNEWS
164,creepy
165,olympics
166,UpliftingNews
167,copwatch
168,human_rights
169,humanrights
170,history
171,activism
172,Boxer
173,Foodnews
174,spicy
175,merica
176,socialism
177,republicanmemes
178,blackpeoplegifs
179,ProtectAndServe
180,jealousobamas
181,abortion
182,NewsOfTheStupid
183,cats
184,humor
185,EnoughLibertarianSpam
186,ContemporaryArt
187,statistics
188,Art
189,AnimalsBeingBros
190,AnimalGIFs
191,raditt
192,sports
193,television
194,oklahoma
195,knives
196,hockeyplayers
197,hockey
198,sissykik
199,Gaykikpals
200,StreetArtPorn
201,Presidents
202,QuotesPorn
203,TinyHouses
204,misc
205,lylestevik
206,DoeCases
207,itookapicture
208,Celebs
209,Bad_Cop_No_Donut_meta
210,LGBTnews
211,Funnypics
212,AskReddit
213,ftm
214,GaySoundsShitposts
215,Veterans
216,CryptoCurrencies
217,doge
218,football
219,Music
220,gay
221,HistoryPorn
222,USHistory
223,BenFranklinFanClub
224,adtech
225,Ripple
226,funnysigns
227,badcopnodoughnut
228,CopsBeingJerks
229,aww_gifs
230,funnygifs
231,PoliticalDiscussion
232,BenCarson
233,AnimalPorn
234,Pets
235,AnimalsBeingDerps
236,Firearms
237,AlisonBrie
238,pussy
239,conspiracy
240,Roadcam
241,marketing
242,AskMarketing
243,Entrepreneur
244,altcoin
245,rap
246,ANormalDayInAmerica
247,sharks
248,circlebroke2
249,kittens
250,FlushTheTPP
251,WTF
252,todayilearned
253,MRW
254,Marijuana
255,squirrels
256,schoolshooting
257,chinchilla
258,republicans
259,FergusonsCrossing
260,MarriedLife
261,Colorado
262,TedCruz
263,militarygifts
264,funnypets
265,domesticviolence
266,unicorn
267,pentagon
268,apple
269,UNBGBBIIVCHIDCTIICBG
270,CringeAnarchy
271,pcmasterrace
272,mildlyinteresting
273,secretsanta
274,StarWars
275,canada
276,Animals
277,CryptoMarkets
278,smallbusiness
279,btc
280,harrypotter
281,economy
282,SlutJustice
283,religiousbros
284,California
285,ukpolitics
286,gunpolitics
287,NorthCarolina
288,foxes
289,BabyCorgis
290,redpandas
291,jackrussellterrier
292,CuteAnimalGifs
293,reactionpics
294,reactiongifs
295,bigdata
296,ico
297,2016_elections
298,democrats
299,drums
300,ecology
301,nottheonion
302,vegan
303,germany
304,vegetarian
305,inthenews
306,sunset
307,sunrises
308,EarthPorn
309,moon
310,eagles
311,iranpolitics
312,BushDidNineEleven
313,turtle
314,dolphin
315,Rabbits
316,IslamicState
317,Syria
318,baltimore
319,jocks
320,gaystorylines
321,science
322,kitty
323,Economics
324,fashion
325,3Dprinting
326,guineapigs
327,shiba
328,pigs
329,UnitedNations
330,Trump4Chaos
331,Money
332,Military
333,Putin
334,MilitaryPorn
335,momjokes
336,ShitTrumpSays
337,TrumpForPresident
338,Alabama
339,CryptocurrencyICO
340,California_Politics
341,AnimalsBeingHeroes
342,reclaimedbynature
343,nature
344,OldSchoolCool
345,trees
346,sexygirls
347,PrettyGirls
348,screenshots
349,4chan
350,Images
351,beagle
352,halloween
353,Hedgehog
354,pitbulls
355,StoppedWorking
356,germanshepherds
357,forwardsfromgrandma
358,ConservativeMemes
359,Charleston
360,startups
361,me_irl
362,CorgiGifs
363,Awww
364,lookatmydog
365,SideProject
366,Unexpected
367,woahdude
368,holdmybeer
369,badgovnofreedom
370,dankmemes
371,labrador
372,Dachshund
373,Hijabis
374,islam
375,Isis
376,babyelephantgifs
377,goldenretrievers
378,pepe
379,Dinosaurs
380,southcarolina
381,crime
382,catpictures
383,travel
384,CivilRights
385,TILB
386,ShitAmericansSay
387,nononono
388,firstworldanarchists
389,ImGoingToHellForThis
390,trashy
391,Equality
392,Africa
393,FoxNewsOrRussianMedia
394,nypd
395,Sexism
396,election2016
397,environment
398,DonaldTrumpSucks
399,Students
400,SandersMedia
401,Donald_Trump
402,PanamaPapers
403,gameofthrones
404,EndlessWar
405,TrueReddit
406,horseracing
407,deadpool
408,progressive
409,flint
410,artshub
411,MusicVideos
412,PoliticalVideo
413,MensRights
414,UnsolvedMurders
415,Anarchism
416,Georgia
417,Virginia
418,Ohio
419,nfl
420,unitedkingdom
421,ETCshow
422,chicago
423,Colorization
424,ClintonforPrison2016
425,waronwomen
426,toronto
427,personalfinance
428,MildlyStartledCats
429,TwoXChromosomes
430,europe
431,Miami
432,awesome
433,oldschoolcreepy
434,gossip
435,happy
436,Drugs
437,LazyCats
438,arrow
439,shittyreactiongifs
440,puppy101
441,trailers
442,adventuretime
443,WesternTerrorism
444,attemptedrobbery
445,comedy
446,Ask_Politics
447,MakingaMurderer
448,HillaryForPrison
449,BreakingNews24hr
450,American_Politics
451,philadelphia
452,Louisiana
453,law
454,newjersey
455,wnba
456,apocalympics2016
457,moderatepolitics
458,altnewz
459,Cleveland
460,Atlanta
461,interestingasfuck
462,oregon
463,immigration
464,arizona
465,Dallas
466,maryland
467,media_criticism
468,Michigan
469,mentalhealth
470,offbeat
471,animalsbeingtrolled
472,Corruption
473,brexit
474,teaching
475,Christianity
476,illinois
477,rage
478,Journalism
479,photography
480,disney
481,justintimberlake
482,architecture
483,soccer
484,slavery
485,Elections2016
486,Design
487,decoration
488,religion
489,Christians
490,KidsBeingJerks
491,pcgaming
492,Exercise
493,lifestyle
494,GeniusDesign
495,woodworking
496,Tupac
497,China
498,ImgurTroll
499,HillaryforPresident
500,Bernie_Sanders
501,literature
502,modernism
503,eu
504,hiphop
505,copssuckdick
506,iphone
507,google
508,supercars
509,albums
510,atheism
511,Warren2016
512,Iraq
513,genetics
514,london
515,cartoons
516,florida
517,HillaryForAmerica
518,yoga
519,LeBronJames
520,classiccars
521,Basketball
522,RoadRage
523,orlando
524,Fatherhood
525,JusticeServed
526,hiphopheads
527,stephencurry
528,lilwayne
529,nba
530,AnimalsBeingCute
531,SocialMedias
532,WWDC16
533,bikesgonewild
534,gamers
535,exchristian
536,electionfraud
537,biology
538,Nicegirls
539,Catholicism
540,cars
541,Smartphones
542,snapchat_nudes
543,Lenovo
544,JUSTINBIEBER
545,TributeMe
546,Lawsuits
547,bernie
548,beyonce
549,ramadan
550,phones
551,AppleWatch
552,Instagram
553,columbia
554,muhammadali
555,gender
556,fitnessonline
557,bestof
558,DadsGoneWild
559,rapbattles
560,fatpeoplestories
561,Boxing
562,prisons
563,swanseacity
564,donaldtrump
565,asianamerican
566,HillaryClintonSucks
567,russia
568,amibeingdetained
569,kansas
570,democracysim
571,northkorea
572,Mali
573,AnimalsBeingGeniuses
574,ImgurGonewild
575,90sHipHop
576,violence
577,classicalmusic
578,FuckYou
579,Marco_Rubio
580,trump
581,OlympiakosFC
582,brisbane
583,boston
584,depaul
585,Harlem
586,finance
587,massachusetts
588,CNNpolitics
589,Democrat
590,ChildSupport
591,TrumpForPrez
592,Johnnydepp
593,CasualConversation
594,circlejerk
595,ManchesterUnited
596,Washington
597,manchester_uni
598,Harvard
599,vermont
600,CaptainOnBoard
601,bears
602,hacker
603,adventures
604,nintendo
605,Poetry
606,BernieSanders
607,ClintonforPresident
608,stoptrump
609,chinesefood
610,ArsenalFC
611,AnimalsBeingThugs
612,angelinajolie
613,Hillary2016
614,HillaryTrump
615,windowsphone
616,InjusticeFighters
617,Elephants
618,billboard
619,Egypt
620,Tennessee
621,weed
622,TrumpSucks
623,Flights
624,LosAngeles
625,baseball
626,putinsays
627,planecrashcorner
628,animalselfie
629,hivaids
630,Dads
631,delhi
632,LazyMan
633,Pennsylvania
634,Hardcore
635,selfie
636,TrumpSanders16
637,wisconsin
638,sanfrancisco
639,india
640,HumanTraffic
641,LadyBoners
642,holyfuck
643,alexandradaddario
644,DesignPorn
645,changemyview
646,preppers
647,IWantToLearn
648,michaelbaygifs
649,TheSimpsons
650,whitepeoplegifs
651,rickandmorty
652,HIFW
653,NewOrleans
654,PeopleofColor
655,classywomenofcolor
656,podcasts
657,Dashcam
658,FlashGames
659,Games
660,flash
661,Newark
662,Internet
663,georgetown
664,nashville
665,media
666,StLouis
667,Connecticut
668,ghana
669,UofO
670,phoenix
671,49ers
672,Iowa
673,Portland
674,AirBnB
675,wyoming
676,northdakota
677,sandiego
678,vancouver
679,missouri
680,washingtondc
681,pbrnb
682,TheWeeknd
683,Kentucky
684,NKU
685,oakland
686,UIUC
687,ilstu
688,salukis
689,InternationalNews
690,cancer
691,psychology
692,BasicIncome
693,labor
694,Indiana
695,Fishing
696,mississippi
697,manhattan
698,workout
699,Brooklyn
700,Nevada
701,okc
702,Detroit
703,bees
704,NewsOfTheWeird
705,terrorism
706,pokemongo
707,ontario
708,kansascity
709,newsbloopers
710,pokemon
711,redsox
712,Albuquerque
713,Minneapolis
714,minnesota
715,Louisville
716,climateskeptics
717,memphis
718,Delaware
719,Hispanic
720,Social_Psychology
721,Infographics
722,MideastPeace
723,dataisbeautiful
724,sugarlifestyleforum
725,blackgirls
726,SerenaWilliams
727,Maine
728,uofm
729,hagerstown
730,fights
731,InnocenceandInjustice
732,teenagers
733,Thewarondrugs
734,CatGifs
735,funny_gifs
736,KenM
737,CatsStandingUp
738,bodycam
739,EPL
740,PoliceChases
741,savannah
742,ThisIsNotASafeSpace
743,quotes
744,Damnthatsinteresting
745,weather
746,AirForce
747,askscience
748,holdmycatnip
749,borntoday
750,awakened
751,pranks
752,listentothis
753,Musicthemetime
754,Defenders
755,Marvel
756,DickButt
757,Overwatch
758,FloridaMan
759,socialwork
760,Conservatives_R_Us
761,Charlotte_NC
762,Bad_Cop_Follow_Up
763,Idaho
764,Hawaii
765,conservatives
766,bronx
767,Nebraska
768,Denver
769,MariahCarey
770,mobile
771,Enviroment
772,internetisugly
773,nsa
774,Calgary
775,TalesFromThePharmacy
776,healthcare
777,yankees
778,chrome
779,chrome_extensions
780,swedishvallhund
781,GreenParty
782,alaska
783,tourism
784,Cyberpunk
785,Steam
786,thick
787,startrek
788,KotakuInAction
789,linux
790,ProgrammerHumor
791,JusticePorn
792,watchpeopledie
793,combinedgifs
794,UsefulWebsites
795,FiftyFifty
796,WoahTube
797,pornvids
798,BBCSluts
799,rule34
800,nsfw_wtf
801,milf
802,NSFW_GIF
803,holdthemoan
804,AnybodyButHillary
805,oddlysatisfying
806,Iota
807,icocrypto2018
808,BitcoinAll
809,Buttcoin
810,Vechain
811,ethtrader
812,Bitcoincash
813,CreatingValue
814,litecoinmining
815,GoldandBlack
816,BitcoinAllTV
817,ShopInCrypto
818,ConsenSys
819,ImagesOfTexas
820,kucoin
821,XRP
822,ImagesOfThe2010s
823,mywish
824,Tronix
825,MiningPoolHub
826,crypto
827,geologycareers
828,CryptoCurrencyTrading
829,dishonored
830,birdswitharms
831,CryptoInvesting
832,books
833,Pizza
834,LifeProTips
835,AskSocialScience
836,GetMotivated
837,newzealand
838,NorthAmerican
839,anime_irl
840,ShemalesParadise
841,Sissies
842,gay_irl
843,FemBoys
844,traps
845,Kikpals
846,kik
847,crossdressing
848,KikGroups
849,GoneWildCD
850,BBW_Chubby
851,BigBoobsGW
852,GuysFromBehind
853,gonewildchubby
854,gonewild
855,BBW
856,wifesharing
857,BadDragon
858,PetiteGoneWild
859,MarchAgainstTrump
860,gonewildcolor
861,chubby
862,dirtykik
863,dating
864,bisexual
865,LGBTGoneWild
866,AgeplayPenPals
867,dirtypenpals
868,FurryKikPals
869,REQTrader
870,RequestNetwork
871,coinloan
872,LitecoinMarkets
873,RedditDetectives
874,UnresolvedMysteries
875,MapPorn
876,FoodPorn
877,hoi4
878,Maps
879,paradoxplaza
880,eu4
881,totalwar
882,PantheonMMO
883,asktransgender
884,GenderCritical
885,badwomensanatomy
886,Aliexpress
887,CryptoMoonShots
888,kateupton
889,FreeSpeech
890,RetroFuturism
891,Vaporwave
892,VaporwaveArt
893,MechanicalKeyboards
894,terriblefacebookmemes
895,Cryptfunder
896,helloicon
897,bitcoin_uncensored
898,Ripplexrp
899,Crypto_General
900,ripplers
901,CossIO
902,army
903,RobinHoodPennyStocks
904,wallstreetbets
905,stellar1
906,bitcoinregrets
907,cryptonewswire
908,CoinBase
909,Stellar
910,xrptrader
911,RippleTalk
912,IOTAmarkets
913,NEO
914,Futurology
915,HappyMod
916,BitcoinDE
917,AllThingsCrypto
918,siacoin
919,CryptoProfits
920,criptomonete
921,nem
922,cryptophile
923,CoinMarketStreet
924,CryptoKorea
925,DodgeDakota
926,Bitcoin_News
927,ledgerwallet
928,CryptocurrencyCoder
929,BitcoinTechnology
930,ArkEcosystem
931,CryptoTechnology
932,dogecoin
933,YOYOW
934,Oyster
935,CryptoReview
936,BrotherCrypto
937,Lisk
938,FortunaBlockchain
939,waltonchain
940,blockchaindecentral
941,binance
942,eth
943,EnjinCoin
944,CryptoBugs
945,ChinaCrypto
946,viacoin
947,wallstreet
948,LateStages
949,nanotrade
950,nanotheme
951,The_Profit
952,lightningnetwork
953,lomostar
954,starterpacks
955,microsoft
956,reddCoin
957,Animemes
958,EnoughTrumpSpam
959,The_Mueller
960,esist
961,MurderedByWords
962,CommunismWorldwide
963,BlueMidterm2018
964,poloniex
965,relationships
966,HailCorporate
967,no_sob_story
968,cardano
969,bprogramming
970,security
971,h3h3productions
972,rit
973,opensource
974,blockminers
975,cryptobets
976,Blockport
977,BitcoinCA
978,dashpay
979,vertcoin
980,BitcoinPrivate
981,dpos
982,NavCoin
983,fraud
984,JalaPESOS
985,eos
986,MediBloc
987,france
988,omise_go
989,thenewsrightnow
990,ethdev
991,freetalklive
992,DataHoarder
993,DebateReligion
994,debian
995,CrazyIdeas
996,wemetonline
997,PPTranslators
998,tattoos
999,Fitness
1000,CatSlaps
1001,tifu
1002,INJUSTICE
1003,barbershop
1004,nosleep
1005,philosophy
1006,rant
1007,Advice
1008,TalesFromThePizzaGuy
1009,Marriage
1010,dykesgonemild
1011,OnceWonderland
1012,offmychest
1013,AskHistorians
1014,nanocurrency
1015,NewsWhatever
1016,cryptaly
1017,KnightsOfPineapple
1018,civicplatform
1019,ethinvestor
1020,CryptoDoubleOrNothing
1021,Bounty0x
1022,programming
1023,BrobotTech
1024,BNBTrader
1025,enigmacatalyst
1026,brasil
1027,electionReformNews
1028,criptomoedas
1029,ethlaw
1030,TREZOR
1031,vergecurrency
1032,BitcoinMarkets
1033,UGA
1034,pittsburgh
1035,Pacifism
1036,drones
1037,CrackWatch
1038,LivestreamFail
1039,Amd
1040,progresspics
1041,GlobalOffensive
1042,QuakeChampions
1043,cringepics
1044,thatHappened
1045,RealGirls
1046,hacking
1047,netsec
1048,geek
1049,InternetCommentEtiq
1050,RedditCensors
1051,GameDeals
1052,Fallout
1053,undelete
1054,XFiles
1055,battlestations
1056,linux_gaming
1057,battlefield_4
1058,EscapefromTarkov
1059,altgonewild
1060,patientgamers
1061,Xcom
1062,linuxmasterrace
1063,oblivion
1064,anal
1065,NSFW_HTML5
1066,montageparodies
1067,Morrowind
1068,Agario
1069,SexyFrex
1070,newretrowave
1071,JupiterHell
1072,tf2
1073,Blowjobs
1074,archlinux
1075,ginger
1076,csgobetting
1077,60fpsporn
1078,nvidia
1079,cumsluts
1080,opskins
1081,fatlogic
1082,MMA
1083,cringe
1084,TEAMEVGA
1085,asstastic
1086,randomactsofcsgo
1087,software
1088,witcher
1089,ghettoglamourshots
1090,unixporn
1091,3DPorncraft
1092,Android
1093,skyrim
1094,ayylmao
1095,h1z1
1096,csgolounge
1097,niceb8m8
1098,gamernews
1099,redditrequest
1100,toosoon
1101,dogemarket
1102,dogemining
1103,provenlands
